Freq,CH3_Upper_Envelope_0,CH3_Upper_Envelope_1,CH3_Upper_Envelope_2,Val_0,Val_1,Val_2
0.4882812,0.1701971,0.004066448,0.007697862,0.0,0.0,0.0
0.9765624,0.03829648,0.004746201,0.01812424,0.20849357999999998,0.008812649,0.025822102
1.464844,0.03554927,0.008787578,0.01608206,0.055384327623611146,0.010150337021718223,0.02565473200545095
1.953125,0.1841954,0.005948492,0.03453381,0.1464964216646107,0.009824044990029654,0.0337439075743731
2.441406,0.3727441,0.007032152,0.1419858,0.348087151855872,0.008112901669238785,0.11032474495274495
2.929687,0.1607969,0.01450478,0.1439986,0.3201245781461584,0.012922158317847175,0.1715906282860778
3.417969,0.09746895,0.07284432,0.3532197,0.15065511589781605,0.0509536540896519,0.29004407904883694
3.90625,0.09212786,0.1954201,0.4733916,0.10834102636134207,0.1532939430733573,0.47234927973673846
4.394531,0.05892554,0.4673798,0.438224,0.0849675326662912,0.37282492254040317,0.5127837458283008
4.882812,0.02903484,0.3099097,0.1527247,0.04886687555379175,0.4318274803470496,0.3283048183918148
5.371093,0.02809653,0.07569847,0.05173253,0.03142225232994942,0.21208448560274387,0.11245147231271549
5.859375,0.02256869,0.0648504,0.03236434,0.02763557840438622,0.07666303070494683,0.04587102640526332
6.347656,0.021138,0.02980811,0.02474942,0.023674456150923947,0.05127335756395179,0.030936618781573118
6.835937,0.01852298,0.02715763,0.064048,0.02135591158675423,0.03067385896450438,0.04781399377049891
7.324218,0.02037697,0.01885522,0.05998745,0.020839258318874208,0.02464974035024752,0.06644756055593402
7.8125,0.01734843,0.01125677,0.05835069,0.020120215393643393,0.016059729644516314,0.0631136811295076
8.30078,0.0186385,0.01281643,0.05306068,0.019118053683545598,0.012788885574144,0.0591872813995904
8.789062,0.01435798,0.02124018,0.05848019,0.017468726342690685,0.01802997168939666,0.05905105435657492
9.277343,0.01549836,0.01195425,0.06804241,0.01575751240033464,0.017519282080356812,0.06677581506717098
9.765624,0.02283766,0.01960612,0.07573302,0.02017685219660845,0.01661072069453938,0.07567127731605482
10.25391,0.02925735,0.02456667,0.04946057,0.02734989305287096,0.02319072560590598,0.06572666551757982
10.74219,0.0355922,0.02255761,0.04121191,0.03396880738735274,0.024684143383996937,0.04749510225519827
11.23047,0.05919304,0.03129442,0.09288653,0.04954682398388038,0.02814992135468187,0.07009690330681173
11.71875,0.05145957,0.03413204,0.1030137,0.05773179009593989,0.03413554054839201,0.10220880427588962
12.20703,0.03985025,0.03131451,0.113038,0.047557193046809595,0.03408674130118399,0.11252691556057601
12.69531,0.03549612,0.0102198,0.136483,0.03918010869657484,0.021597839158505383,0.12975090773554254
13.18359,0.03245282,0.01016246,0.09756001,0.03528117729675762,0.010583095612214275,0.12152232147958184
13.67187,0.03212023,0.007386206,0.07690518,0.033482319501118435,0.009099307556796745,0.09046342449990101
14.16016,0.03462176,0.007327462,0.06860188,0.034562838043310826,0.007619582875893348,0.07535191786966963
14.64844,0.06246071,0.004939138,0.1233124,0.050215065961359204,0.006344792506016881,0.09926599754957573
15.13672,0.136283,0.00646629,0.05068135,0.10268424112162114,0.005892803947593055,0.08989676291468579
15.625,0.118563,0.007890154,0.05654884,0.13153340849272496,0.007409776936482936,0.055344609623154815
16.11328,0.2075735,0.006267269,0.06656116,0.16816411976704,0.007299920668078079,0.0634785888256
16.60156,0.1845043,0.009434663,0.07851583,0.20197945798024985,0.008088873470017277,0.07473662575541416
17.08984,0.1519806,0.01259411,0.07407708,0.17319074543042942,0.01133833826358246,0.07854046297559988
17.57812,0.1234096,0.0174593,0.09046946,0.14162923650613463,0.015456038423683312,0.08462392935524266
18.0664,0.09601002,0.01600464,0.06254009,0.11275729778747672,0.017196745886818385,0.07862990280303014
18.55469,0.1059462,0.01715518,0.04308461,0.10370729795841452,0.017028023860752556,0.05423973688291525
19.04297,0.1133408,0.02511752,0.04381505,0.11252884748788582,0.021692568237976488,0.044593243497741006
19.53125,0.101936,0.02146537,0.04721462,0.11039835172769792,0.023888659970385397,0.04668187898703564
20.01953,0.08904256,0.04345755,0.06754306,0.09787650588868609,0.033272994422466555,0.058813307327754236
20.50781,0.06426183,0.02530089,0.06663783,0.07852175606235262,0.03521773546672674,0.06872679323018321
20.99609,0.05110761,0.02856308,0.06026449,0.059058162365693855,0.02757322117469637,0.06496189822142881
21.48437,0.03574543,0.03188093,0.0828771,0.04443643666475043,0.03092484065184756,0.07323522812933979
21.97265,0.0350571,0.02516698,0.06576323,0.03620583733208142,0.02917222519584005,0.07600925572810606
22.46094,0.03788521,0.03317092,0.08094161,0.03728163986527342,0.029817160688992903,0.07498250345200966
22.94922,0.03028019,0.03837423,0.06258614,0.0348236262816249,0.03655023759653425,0.0733239550716711
23.4375,0.01824714,0.0319184,0.1094317,0.02477991184177501,0.035894106981086936,0.08783889223686034
23.92578,0.01911748,0.04334512,0.07112116,0.0190715237952768,0.0384157529929728,0.0921571841435904
24.41406,0.01064213,0.019119,0.1154368,0.015183473728267166,0.03186944738117629,0.09518262787916634
24.90234,0.01035096,0.0376868,0.08246341,0.010706475384073766,0.028970956603940518,0.10092910223640394
25.39062,0.01031385,0.03550709,0.06074177,0.010535000688332904,0.03731453042789955,0.07300655897019316
25.8789,0.009512505,0.01722625,0.03858599,0.010103815078353739,0.02687372014795228,0.050618952358469395
26.36719,0.009618117,0.0238948,0.01499904,0.009745791843783545,0.02094846647943885,0.02729804333193644
26.85547,0.008946957,0.01406207,0.01896473,0.009454435376973809,0.019329886566958786,0.01729636351696749
27.34375,0.006560005,0.01261598,0.01748811,0.007894453014367277,0.013581552095113213,0.01855780859076382
27.83203,0.006325888,0.01780684,0.0374322,0.006557998821536731,0.015483041626049831,0.027950513655392917
28.32031,0.01398738,0.01841205,0.01812673,0.010334820113248657,0.018427153762336057,0.028266822809336938
28.80859,0.00872502,0.0250167,0.01069916,0.011551996067769034,0.02208875985048363,0.01466144343750298
29.29687,0.008469944,0.01004503,0.005352226,0.008743201679823275,0.017827997583101083,0.008161721364388539
29.78515,0.006489823,0.006803863,0.005639822,0.007604547927134366,0.00856485360618643,0.005587624181136075
30.27344,0.006847288,0.005064276,0.006027236,0.006777878063931857,0.006031351091536553,0.00592916235673683
30.76172,0.005903054,0.009333525,0.02136697,0.006477996066985449,0.0073150114915536526,0.013918023432327477
31.25,0.01072092,0.01095133,0.01767563,0.008443922958469163,0.010303417994019841,0.019831161098924247
31.73828,0.01209446,0.004123054,0.009103601,0.0115859346999424,0.00765496032351232,0.01359882770660288
32.22656,0.03148817,0.004062275,0.005519594,0.02212656515496114,0.004155628410522561,0.007424083331850371
32.71484,0.02661842,0.003449307,0.00304193,0.02949349534662713,0.0038126967829777672,0.004345621869292907
33.20312,0.02234464,0.003432452,0.004713745,0.02484692507661966,0.00349223578486216,0.003935715530108048
33.6914,0.006903664,0.002433144,0.004838582,0.014839212540652806,0.0029759272784364845,0.004846401029297849
34.17968,0.008579223,0.001403828,0.002447542,0.007853638066927465,0.0019462900789067833,0.003695859874631508
34.66796,0.02256294,0.001833638,0.003692951,0.01579352500078234,0.0016418577030176994,0.0031141070616266743
35.15625,0.0122201,0.001500748,0.002829989,0.017636475437262534,0.0016906750182661455,0.003307407031954
35.64453,0.01129375,0.001218752,0.003671395,0.011920215206976,0.0013786353683200002,0.0032958403844198405
36.13281,0.01344215,0.0009332375,0.002581419,0.012537373544818795,0.0010907343668929705,0.003169234385014194
36.62109,0.02752257,0.0008919965,0.001352956,0.020759147959220445,0.0009249496314438319,0.0019937710486501053
37.10937,0.03035942,0.001261329,0.001767252,0.02932687398499471,0.0010910182180532445,0.0015809053355451735
37.59765,0.0114521,0.001264301,0.0008970536,0.02118083512234242,0.0012794309465439593,0.0013496810838049798
38.08593,0.01658274,0.0005700092,0.00107403,0.014199463979812565,0.000929066176682399,0.0009983410135174405
38.57421,0.01139664,0.0005569207,0.0006602465,0.014169044576170256,0.0005706888425447272,0.0008782553807805797
39.0625,0.03146074,0.0007964001,0.0006626244,0.021699944162822775,0.0006852258769525027,0.0006698082025691518
39.55078,0.04026402,0.0005026379,0.0006690037,0.036310658602403845,0.0006576379667153921,0.0006741367043189505
40.03906,0.0154127,0.0003466876,0.001291158,0.028182042587822535,0.0004299054867442563,0.0009921805829872633
40.52734,0.006653876,0.0005656764,0.001792529,0.011167839956630352,0.00046174518122753136,0.0015606464225506294
41.01562,0.004906194,0.001123047,0.0004452365,0.005849673804071523,0.0008545347074284668,0.0011323632317974729
41.5039,0.004086597,0.0007542606,0.0007535763,0.004549923887349503,0.0009498282227556235,0.0006065421730784517
41.99218,0.00297671,0.0007048147,0.000416062,0.0035732022645975432,0.0007381204252028603,0.0005916993587168194
42.48046,0.002303683,0.0004634386,0.000490664,0.002670896386193572,0.0005909188041739916,0.00045863465023678225
42.96875,0.003085298,0.00044503,0.0009120694,0.0027254622165549763,0.0004594554785453123,0.0007094285323328655
43.45703,0.003892174,0.0006154611,0.000689648,0.0035283806257822257,0.0005362710521883113,0.0008099593437477469
43.94531,0.0053675,0.000566755,0.0009797374,0.004681857508772918,0.000597749696671528,0.0008440712459235479
44.43359,0.00294004,0.0006107954,0.0006517301,0.0041999228844739065,0.0005953171302914464,0.000824797435645863
44.92187,0.004818901,0.001083955,0.0008461318,0.003922101938417197,0.0008566869923322423,0.0007571609400653086
45.41015,0.005170907,0.0007985969,0.000690144,0.005049196301836945,0.0009515071852728415,0.0007764872045550419
45.89843,0.004174471,0.001242011,0.001311049,0.00472293284603266,0.0010312749336392523,0.001011355576088055
46.38671,0.01145205,0.001118662,0.002092703,0.007896380093348618,0.001192893241183086,0.0017199810204392614
46.875,0.01665804,0.0007266747,0.002211493,0.014202995521238732,0.0009323808242975198,0.002174752073384812
47.36328,0.02553105,0.0007803409,0.001294156,0.021314279281228803,0.000761356819489792,0.0017710830417996804
47.85156,0.03925361,0.0005457981,0.0006583331,0.03272627070031467,0.0006699052507220783,0.000986308901304935
48.33984,0.06996315,0.0006316107,0.0008957164,0.05516560696995459,0.0005947115726905455,0.0007849535540960421
48.82812,0.06312311,0.0005288539,0.001116965,0.06721528115971423,0.0005860932177739108,0.0010165057323417701
49.3164,0.07939157,0.001277206,0.001106049,0.07196991164877944,0.0009120602273071337,0.0011226220426836012
49.80468,0.02645929,0.001816856,0.003165738,0.05344944288334914,0.0015623481013431635,0.0021570409089386082
50.29296,0.01869881,0.0009053847,0.00203602,0.022800412701938853,0.001374464635004903,0.0026263777522883393
50.78125,0.01815781,0.001296428,0.003519853,0.018607228868364478,0.0011115949545609863,0.0028049072452809493
51.26953,0.04051548,0.001544963,0.008004113,0.029618727402867202,0.00143435599868288,0.00581738654085888
51.75781,0.02943837,0.0007461885,0.003849016,0.03531003772677943,0.0011564859675738687,0.0059830078283094265
52.24609,0.02168758,0.0004648489,0.001712251,0.025804134535787938,0.0006112311262181109,0.002806865825621583
52.73437,0.03322285,0.0008539542,0.002230587,0.027711805155937023,0.0006655641659744011,0.00198984343079128
53.22265,0.04309383,0.000596297,0.002575052,0.038511657091968673,0.0007318397093743608,0.0024250677738574485
53.71093,0.07691134,0.0008503876,0.002458164,0.060553066086601284,0.0007299784516806096,0.002539696090394597
54.19921,0.0672085,0.0008800325,0.002214634,0.07271500859626151,0.000873075576871607,0.0023576389395005824
54.6875,0.1005099,0.0009325782,0.002317272,0.08461470194860773,0.0009144704106964842,0.0022863673601054334
55.17578,0.09183747,0.0008251818,0.001946065,0.09703237641781579,0.0008867271227684572,0.0021507012057404343
55.66406,0.1270642,0.0009550286,0.002040844,0.11041942400252609,0.0008979822171813792,0.0020110956455036974
56.15234,0.1245535,0.0008175718,0.002579618,0.12691243362789204,0.0008940747436041856,0.0023304961332418087
56.64062,0.2067905,0.0005633753,0.002607573,0.16711262249516223,0.000696477652856515,0.00261614844811828
57.1289,0.2111186,0.000515381,0.003140564,0.21075587787518923,0.0005440279501448783,0.002898844891345646
57.61718,0.1317138,0.0006352683,0.004003036,0.17288129213613423,0.0005802419426505148,0.0036023281303158294
58.10546,0.1092481,0.0006754085,0.003967588,0.121501972519082,0.0006608921017596488,0.00401908574844378
58.59375,0.1353766,0.0009966308,0.001879646,0.12334020344753317,0.0008430451521627657,0.0029481856540461084
59.08203,0.1073971,0.0006601341,0.001056425,0.12239840449374721,0.0008352856194111744,0.0014802690978485762
59.57031,0.2041549,0.0005631623,0.0008531763,0.1570634016901586,0.000616703130967944,0.0009626915444290167
60.05859,0.07876458,0.0004254801,0.002009885,0.14261924314589935,0.0004983730029121554,0.0014432644782406453
60.54687,0.06354499,0.001051698,0.0008509079,0.07173327774216727,0.0007445938240270625,0.0014420256603861576
61.03515,0.07984661,0.00208867,0.0006195531,0.07227399050305987,0.001582846742822544,0.0007411597635364967
61.52343,0.09863938,0.00122625,0.0004554352,0.08995693720541113,0.0016707196474130069,0.0005417940926324338
62.01171,0.1536361,0.0008969507,0.0006036342,0.12713883073384238,0.0010700257290612455,0.0005337373461027286
62.5,0.1401585,0.0006119453,0.0006154169,0.1480539925443114,0.0007603886427257046,0.0006143250504622434
62.98828,0.1048116,0.001072297,0.0007357419,0.123441962003424,0.000848700204641952,0.0006808573505509121
63.47656,0.1338789,0.0005549587,0.0007289285,0.12027040462670198,0.0008199350266144113,0.0007380122026337598
63.96484,0.1576783,0.0003730576,0.0007309828,0.14689997101960156,0.00046757743446472206,0.000735570679308173
64.45312,0.2170459,0.0004958498,0.0008913528,0.1887923414605899,0.00043777013216235667,0.0008173599051218764
64.9414,0.1561466,0.00174543,0.0004744215,0.18800985444537055,0.0011291295751370918,0.0006880605246574565
65.42968,0.1263192,0.002384885,0.0006089168,0.14229479888748933,0.002080684961743973,0.0005457418403417851
65.91796,0.1408584,0.001154996,0.0005197749,0.13458572890541418,0.0017831489788942875,0.0005685573758952511
66.40624,0.1880962,0.0004699649,0.0006563647,0.16569564741311776,0.0008184988090955484,0.0005924258620192736
66.89452,0.4281898,0.0003092739,0.0009616357,0.31040875189379796,0.00039248424162681097,0.0008149487165498906
67.3828,0.4931828,0.0003489594,0.0007497948,0.46404896567969994,0.0003315189555679598,0.0008619613317757569
67.87109,0.261211,0.0006482757,0.002014336,0.3799302603575541,0.0005022307860704735,0.0013920805479927516
68.35937,0.1220658,0.00149872,0.002512167,0.19301709007189957,0.0010812208367709214,0.0022795338441088096
68.84765,0.09724107,0.001496624,0.002609699,0.11043667187362537,0.0015083696305393103,0.0025792253330808933
69.33593,0.1324126,0.0020705,0.004593901,0.11564120770544165,0.0017962113446524318,0.003627344617775625
69.82421,0.1244735,0.002637847,0.002193728,0.12934757630337546,0.002370752145971576,0.003417714543513658
70.31249,0.06866185,0.001378263,0.001484076,0.09724297178243406,0.002022097308468653,0.0018517614232367256
70.80077,0.04866842,0.0003685453,0.001699678,0.05907253078583833,0.0008794694419326567,0.001602931674661074
71.28905,0.03686275,0.0004798686,0.00122058,0.04306051936079579,0.00042713250814782806,0.001470198830993646
71.77734,0.03955936,0.0003126466,0.001197548,0.038472779290700324,0.00039897174226313857,0.0012173454101262395
72.26562,0.04899616,0.001008586,0.0007966616,0.04457896849634161,0.0006651102771655512,0.0010038878088401717
72.7539,0.03117922,0.002377231,0.000870223,0.0403585520956023,0.0017043470424546279,0.0008390736528652215
73.24218,0.03174682,0.002035843,0.0006792597,0.03167418068562098,0.002221345936515568,0.0007799409435115232
73.73046,0.02535938,0.001797504,0.0008649784,0.028743453532185957,0.0019294512919305511,0.0007772664976829334
74.21874,0.01044125,0.001357197,0.001208273,0.01801885984304316,0.001587796504299173,0.0010434907541010596
74.70702,0.01679378,0.0004400999,0.0004998982,0.013707103697196962,0.0009045605965167155,0.0008597045705830091
75.1953,0.02641101,0.000331498,0.001653782,0.02174358678399299,0.00038832050568922443,0.0010838782536303818
75.68359,0.03456538,0.0003814892,0.001059136,0.030686173872835797,0.0003588085353742056,0.0013652673346314197
76.17187,0.02260773,0.001073047,0.001304073,0.0287709839240957,0.0007319601404788937,0.0011892277357008962
76.66015,0.008176165,0.002783232,0.001736934,0.015490613584018943,0.0019404993377597924,0.0015302502929956294
77.14843,0.009583983,0.003724354,0.001281121,0.00893663484070694,0.0032745177448125266,0.0015186391163052122
77.63671,0.02135569,0.002222767,0.001289044,0.01556774661646277,0.002992380456814934,0.0012932159135134052
78.12499,0.02113487,0.00116505,0.00169468,0.021378897786204488,0.001704561986506319,0.0015012447569117753
78.61327,0.01395353,0.0006122961,0.001755171,0.017653850983328126,0.000894227243054668,0.0017357062581561293
79.10155,0.01124199,0.0004417264,0.00147778,0.01267600676740708,0.0005302846038898713,0.0016265156962307382
79.58984,0.007224582,0.0007159134,0.002020002,0.009290282622960484,0.0005823929269377907,0.001759686818620368
80.07812,0.0132513,0.0006395518,0.001054428,0.010300750296154886,0.0006818904582634166,0.0015466457431727468
80.5664,0.01080057,0.0014185,0.0008674007,0.012099263688807881,0.0010353004324996642,0.0009667735692076687
81.05468,0.01398989,0.002608101,0.001313974,0.012470352419574414,0.002025502290922022,0.0010972975599542489
81.54296,0.002910044,0.002214764,0.00185761,0.008500870290059992,0.0024259591659630264,0.0015953449402837687
82.03124,0.004619948,0.0008377896,0.001315573,0.003787540830931818,0.0015354161596198128,0.0015960920246022466
82.51952,0.005181724,0.0004103603,0.001285588,0.004930007571733891,0.0006277896727883669,0.0013083220317205984
83.0078,0.005633421,0.0003852121,0.001410987,0.005439569892862925,0.00040013995879229543,0.001356265513208269
83.49609,0.007827166,0.0007363184,0.002020689,0.0067698841771787095,0.0005640639287256439,0.001725931347095333
83.98437,0.0169885,0.0004810119,0.002327238,0.012480393244404739,0.0006122245863693199,0.002186676704867198
84.47265,0.01582983,0.0002531499,0.002002557,0.01650456688354333,0.0003692150859425986,0.0021774840818997035
84.96093,0.01375367,0.0008008662,0.002190121,0.014877251232529108,0.0005300543317332475,0.002108456536349576
85.44921,0.03160348,0.001842325,0.002414366,0.022808911315774793,0.0013291909582378155,0.0023154747517786702
85.93749,0.03645688,0.002208489,0.003815883,0.03422463769352812,0.002036980725842053,0.0031329251676815387
86.42577,0.02950363,0.00118681,0.002403856,0.033167642354592276,0.0017072952122247813,0.003127539169889824
86.91405,0.05128355,0.0004953078,0.005451941,0.040621801818363897,0.0008458106336518031,0.00395008996302752
87.40234,0.03022442,0.0005141556,0.004589148,0.04098294410771216,0.000507567322569573,0.005048750315675428
87.89062,0.01564295,0.0007181097,0.01248637,0.023061805822758293,0.0006195747231795281,0.008585455857595804
88.3789,0.01080133,0.0005821557,0.01263848,0.013295596149463958,0.0006537445392924751,0.012632216075304736
88.86718,0.01501808,0.0005266076,0.01228892,0.012981029159470192,0.0005574445244198221,0.012532560049581972
89.35546,0.01579562,0.0009059799,0.006980665,0.01549150281241061,0.0007202294202018675,0.009687730789275071
89.84374,0.02124319,0.001073913,0.003797544,0.018620603685266687,0.0009953559801239118,0.005418553085965089
90.33202,0.1719448,0.0008332896,0.004923902,0.097118961078645,0.0009587839030702195,0.004384422523488671
90.8203,0.09191598,0.0003951605,0.01508363,0.1326435255064262,0.0006175451773193493,0.010057840279114761
91.30859,0.2203374,0.000240546,0.01571611,0.156966095963866,0.0003195621692993471,0.015482666495082044
91.79687,0.2094718,0.000422688,0.005383995,0.21605381956508146,0.0003333903484742235,0.010606469750936631
92.28515,0.1125382,0.000496296,0.003216998,0.16186140742870647,0.00046193610025919193,0.00432337142406898
92.77343,0.2545945,0.0002520939,0.008495882,0.1845375981084768,0.0003761748125259427,0.005887426377799679
93.26171,0.1862596,0.000130074,0.0102599,0.22158718949224468,0.00019208965250669827,0.009427248198688027
93.74999,0.2310844,0.0002282697,0.004480967,0.2097645208658516,0.00018010992019963496,0.007409022061901557
94.23827,0.1262871,0.0002788001,0.001912762,0.17961640266470963,0.0002548553910312204,0.0032135147950886713
94.72655,0.08233423,0.0003176109,0.001691207,0.10485113344775696,0.0002997506024465963,0.0018113211844665124
95.21484,0.2400559,0.0001928476,0.001797298,0.16202598239632499,0.00025654488844014696,0.0017532436545730841
95.70312,0.4749402,0.0002211026,0.001461166,0.3593313687122302,0.00020803650809382237,0.0016375870148376032
96.1914,0.1454175,0.0006096803,0.001512378,0.31176139118442536,0.00041751078881785674,0.0014943575524058149
96.67968,0.3049352,0.0004379605,0.0013658,0.2263193743054785,0.0005264793801677905,0.0014463940020783563
97.16796,1.388165,0.0003938434,0.003267019,0.8508255949419361,0.00041800245968462034,0.00232810850883681
97.65624,0.4952235,0.0002867839,0.000853495,0.9464263702214187,0.0003420237646203131,0.0020706100246797397
98.14452,0.422449,0.0005284079,0.0012637,0.4611304256118196,0.00040963387449146114,0.0010638904744919527
98.6328,0.3119569,0.0007456212,0.001151629,0.3690298258808541,0.0006401837688669728,0.0012136727664020365
99.12109,0.05429991,0.0008945303,0.001222692,0.18403499762311776,0.0008241356042063846,0.0011930376382394599
99.60937,0.008631567,0.0003715912,0.00162277,0.031620741746985884,0.0006361792679966241,0.0014297395094169162
100.0976,0.006116228,0.0002035542,0.002539104,0.007410040264244217,0.0002889822222098182,0.0020911366014181192
100.5859,0.005778817,0.0003591309,0.003175043,0.005976535935254691,0.0002827150061544433,0.0028710109869132723
101.0742,0.004771719,0.0003019371,0.002240953,0.005300877089985774,0.0003321385961929058,0.002721144131052165
101.5625,0.004520169,0.0001876601,0.001813102,0.004668389039933039,0.000245981247563671,0.002036820281226564
102.0508,0.0024894,0.000134008,0.001454334,0.003521635072517908,0.00016160732031744003,0.0016415727150710154
102.5391,0.005471044,0.0003551542,0.001053498,0.003999266852197141,0.0002457513892199767,0.0012599158273683302
103.0273,0.003866433,0.0009876548,0.001200199,0.004690966880546542,0.0006746011311085234,0.0011322135503827318
103.5156,0.004224358,0.0007693956,0.001673212,0.004064568734886773,0.0008826889881916735,0.0014435147951640003
104.0039,0.004751341,0.0002491827,0.002238048,0.004509019419421324,0.0005116915501401238,0.0019648550262665724
104.4922,0.002675153,0.0002160805,0.002663875,0.0037306807549851496,0.00023372380914100336,0.002462468804057348
104.9805,0.003064362,0.0003094978,0.001904842,0.0028831680951185833,0.00026401718369002664,0.002295033481056481
105.4687,0.003504662,0.0003900535,0.003853535,0.003299786253393725,0.0003514022422940927,0.0028925778420749565
105.957,0.004318951,0.0004205395,0.001990165,0.0039299174192959615,0.00040717294562747056,0.002935377609186422
106.4453,0.006770715,0.0007871513,0.002700069,0.005570386214548355,0.0006066282053721793,0.002355924408959295
106.9336,0.006610841,0.00175747,0.001375937,0.00672147082436519,0.0012781471621841453,0.0020473519977002273
107.4219,0.006118186,0.002563712,0.0007857963,0.006393576319750293,0.002170457090595472,0.001085802303388598
107.9101,0.007455084,0.002164748,0.0009431614,0.00681747820056711,0.002374974709281813,0.0008684076445434776
108.3984,0.02161465,0.0012763,0.001506894,0.014600638188758975,0.001728309479479678,0.001230571027509751
108.8867,0.042689,0.0005391905,0.001649249,0.032296658652041906,0.0009118343509975701,0.001585180205603127
109.375,0.06520608,0.0002513213,0.001008162,0.054189466551011284,0.00039702841634928784,0.0013346640504533613
109.8633,0.03460687,0.0001511412,0.002567658,0.05012928031878857,0.00020212963829142856,0.0017958920475702857
110.3516,0.07416698,0.0003453003,0.001708976,0.0546286539074468,0.0002493239955080541,0.0021478209944285308
110.8398,0.02616648,0.0008334217,0.002368769,0.050388669669075924,0.0005919683572127636,0.0020478925554817512
111.3281,0.009438298,0.00169338,0.001880688,0.0178808166636073,0.0012689667084286062,0.0021340889005650497
111.8164,0.009326829,0.002068827,0.002299351,0.009423716683760883,0.0018893542726176051,0.002099186606254845
112.3047,0.01068513,0.001637849,0.002550692,0.010049675413925417,0.0018614314902697636,0.002435611520770209
112.793,0.01042884,0.001141711,0.003123456,0.010602886692231047,0.0013958227530993807,0.0028494095766428305
113.2812,0.005318697,0.0004632098,0.002837806,0.007907848396639862,0.0008059336755337653,0.002993532013841284
113.7695,0.003575448,0.0001726401,0.001946339,0.004466241660476319,0.0003192953693907286,0.002402383557807915
114.2578,0.005181668,0.0004230861,0.001530006,0.004397350821199004,0.00029914153184447504,0.001745632756323092
114.7461,0.003641731,0.001302736,0.004208855,0.004430553642700542,0.0008665988460691963,0.0028816934957267685
115.2344,0.00275407,0.001698944,0.002866078,0.0032115091090433572,0.0015072267980872553,0.0035525201261533074
115.7226,0.002537043,0.002149117,0.001384863,0.002656764617396368,0.0019321818132371931,0.002134475230341808
116.2109,0.002763347,0.002157213,0.001570413,0.002661377692218288,0.0021622504376716386,0.00148387300193912
116.6992,0.003819013,0.001455317,0.002139575,0.003305009022871349,0.0018138546426195825,0.0018627883942452905
117.1875,0.002987955,0.0009687998,0.003189646,0.0034177250679524795,0.0012171299696141875,0.002675759927820842
117.6758,0.002065434,0.0003519792,0.002294957,0.00253722279802112,0.0006631412285789867,0.0027537281950182394
118.1641,0.003264497,0.0003605671,0.004124745,0.0026760238709959906,0.0003577515183573428,0.0032231703931403055
118.6523,0.003652371,0.001439666,0.004651275,0.0034727226670215397,0.0009038354197727144,0.004406139249763675
119.1406,0.004411227,0.002720322,0.0025457,0.004048391408673915,0.0020885539779372164,0.0036132966646453546
119.6289,0.00432159,0.003100268,0.003730014,0.0043843043077309496,0.0029222228990411327,0.003150717566197417
120.1172,0.006092833,0.002754249,0.004181396,0.005228466241750948,0.0029392069533047617,0.003971851355533655
120.6055,0.0121284,0.002061218,0.002142959,0.00914765294471358,0.0024175214093755935,0.0031750323723517535
121.0937,0.00827787,0.001011743,0.003505592,0.010244436354473882,0.0015427000321117195,0.002835707908133128
121.582,0.009615833,0.0004419212,0.005075588,0.008982928914328326,0.0007297629883486919,0.004307891437622271
122.0703,0.01592099,0.000363046,0.002066342,0.012819692243329194,0.00040410006248523634,0.003585306779288875
122.5586,0.0160242,0.0004444892,0.002954683,0.01603648783993322,0.000405382732584093,0.0025205549366430656
123.0469,0.01226399,0.000487776,0.005199813,0.014200448137099312,0.0004679897732100399,0.004093492638878055
123.5351,0.03082989,0.0005802198,0.006407444,0.02163242948496874,0.000536116586247114,0.005826654934909779
124.0234,0.01618187,0.0007064897,0.004499182,0.023598792226597946,0.0006458977529556378,0.005474868434349427
124.5117,0.03153268,0.0006230692,0.005032665,0.02395120491469755,0.0006673967932226097,0.0047846877045376116
125,0.03902324,0.000416536,0.00351462,0.03541631027445613,0.0005218411201517608,0.004290402528437086
125.4883,0.02959228,0.0003429911,0.006791209,0.034441779833664,0.00038124705833171997,0.0051730438452028005
125.9766,0.03242018,0.0002792296,0.003575425,0.031126881424148708,0.00031232094241303774,0.005203486320096774
126.4648,0.02728,0.0002734111,0.003447424,0.029965768736670142,0.0002773911805738526,0.0035250324036971946
126.9531,0.02920099,0.0003275719,0.00687833,0.028349535884961665,0.00030165174379471603,0.005182811660388504
127.4414,0.02830624,0.0002860961,0.003991207,0.028864210095389555,0.0003080141763186562,0.005455672262559165
127.9297,0.02195345,0.0003947648,0.004069464,0.025226131633021134,0.0003417348313763424,0.004045777992193667
128.418,0.01852156,0.0004847612,0.00342998,0.02031475034405615,0.0004414415490226273,0.00376403446420964
128.9062,0.02857163,0.0003315491,0.006609624,0.023636110859762652,0.0004097068121052345,0.005038885518949058
129.3945,0.0192608,0.0003561689,0.004933476,0.024006810237346996,0.0003451615467332059,0.005793412779796472
129.8828,0.01717166,0.0003831492,0.004211032,0.018284973146802996,0.0003710540437139137,0.004589508455391844
130.3711,0.01535721,0.0004257491,0.005955311,0.016325581846314524,0.0004059696940592981,0.005102281902943654
130.8594,0.01638352,0.000536898,0.004002682,0.015929806848918197,0.0004831263290627293,0.004997645142152669
131.3476,0.01501477,0.0003404158,0.007344835,0.015757714140535565,0.0004402934068048608,0.0056949257138165085
131.8359,0.03144664,0.0002960367,0.003893346,0.023317067851331124,0.0003194092931456304,0.005639980123344089
132.3242,0.04133975,0.0003782008,0.00380364,0.036527989825373815,0.00033836738626390834,0.00386274722917354
132.8125,0.01312101,0.0002229583,0.007599214,0.027330864979724045,0.00030168874237951186,0.005722466286873452
133.3008,0.004355737,0.000201527,0.007753468,0.008770501106814495,0.0002130229838239624,0.007704563925630494
133.789,0.00472744,0.0003221827,0.006085329,0.004558221584765433,0.000262813865533065,0.00694474006094862
134.2773,0.005997012,0.0004475152,0.004454534,0.005381796928520283,0.0003862535628028837,0.00528916557418734
134.7656,0.00527047,0.0006641367,0.004316679,0.005654228124259276,0.0005578472135448063,0.0044015547775863835
135.2539,0.005785469,0.0004375833,0.006194281,0.005547999147824444,0.0005528559465768712,0.005274522328932605
135.7422,0.003850688,0.0003759033,0.005437855,0.004835472953923695,0.00040821174381855163,0.00583706544262014
136.2305,0.003341252,0.0002952302,0.005003414,0.003608905639403222,0.0003367738708807947,0.005239414480185602
136.7187,0.003207038,0.0003586641,0.004863588,0.0032858783312951214,0.0003281188083190255,0.004951180852809761
137.207,0.002802181,0.000681698,0.009288844,0.003015340664199557,0.0005220389114828476,0.007101489179695242
137.6953,0.004061487,0.0002585586,0.009874165,0.003444047404142646,0.0004718014190747557,0.009615603697907907
138.1836,0.005251927,0.0002309494,0.004616243,0.004673220780993977,0.00024562195539281294,0.00727089720167936
138.6719,0.004168774,0.00049763,0.003340493,0.004726995486446654,0.00036557699212808167,0.003992426376640931
139.1601,0.00573102,0.0003711255,0.005676675,0.004967323311425747,0.0004359069943353701,0.004524456651263883
139.6484,0.00518349,0.0004545432,0.006138269,0.005476404006191429,0.00041428294778848244,0.005928200776262737
140.1367,0.006312117,0.0004184741,0.009736547,0.005767901492164965,0.0004380349630389964,0.007965162247999976
140.625,0.005450726,0.0005056641,0.007806975,0.005901915047503616,0.0004636791589034136,0.00880232580491049
141.1133,0.008491301,0.0004035361,0.008828185,0.006995219337454578,0.00045617863318279115,0.008346461595121778
141.6015,0.008280608,0.0003831405,0.006612521,0.008414966811290997,0.0003946991055233631,0.007747062575458867
142.0898,0.01162576,0.0002883367,0.006212978,0.00998750665722609,0.0003368963642777796,0.0064348632882074
142.5781,0.008392496,0.0005927135,0.007418605,0.010043524960249081,0.00044203899055604275,0.0068392143705329304
143.0664,0.006341017,0.0008926385,0.008133845,0.00739198609135344,0.00074521950907187,0.007802856934830804
143.5547,0.006558585,0.0006156902,0.01039945,0.006471814818956093,0.0007567383887128285,0.009298275499126629
144.043,0.007931011,0.000318174,0.0128981,0.007269441114181563,0.00046852036527052064,0.01168839820169594
144.5312,0.02097067,0.0002472683,0.01408015,0.01449981823812056,0.00028367936709788053,0.01353484322875808
145.0195,0.01158954,0.0002456543,0.01250115,0.016335107485771237,0.00024729397178844425,0.013335552584320893
145.5078,0.02316837,0.0003903383,0.009701716,0.017437472259585782,0.0003190670359581987,0.011138813005681307
145.9961,0.02010677,0.0004809149,0.01046834,0.021710182089736775,0.0004370884904882076,0.010118871678293536
146.4844,0.008078046,0.0007772881,0.01553915,0.014139541607174436,0.00063120559909888,0.013047237454137472
146.9726,0.004747718,0.001204119,0.008633185,0.006434254712673841,0.0009940053450929246,0.012126448014331218
147.4609,0.004709029,0.001042486,0.01305516,0.004744082991293275,0.0011270345467267369,0.010880201048394395
147.9492,0.004860158,0.000641572,0.01168424,0.0048004371372357005,0.0008448172832717011,0.01241066085477574
148.4375,0.003965265,0.0003578352,0.00922669,0.004427275465370884,0.0005013528503364669,0.010489972814570814
148.9258,0.003176333,0.0004762361,0.01067571,0.0035825455003904005,0.00041840753047424,0.009983935467520001
149.414,0.002379733,0.0006806426,0.01448938,0.0027871397881495345,0.0005803355566389436,0.012623792376002007
149.9023,0.002740319,0.0009291962,0.0150945,0.0025683924227970605,0.000807549957665413,0.014840281549667367
150.3906,0.003649158,0.001062522,0.01279578,0.003205145216971988,0.0009991030662268691,0.013990565666330671
150.8789,0.002831738,0.001255749,0.0147487,0.003250969340817843,0.0011628990720892794,0.013816956789426996
151.3672,0.002334031,0.001020902,0.01567399,0.0025912436708406543,0.0011420095429089158,0.015260574546102868
151.8555,0.002152312,0.0006086435,0.01685638,0.0022504078143630196,0.0008174011499031826,0.016317655349160853
152.3437,0.002379083,0.0006157251,0.0234919,0.0022729814872082346,0.0006141524103105255,0.02023899780987847
152.832,0.00252476,0.0007522979,0.01588657,0.0024597805271107365,0.0006862039294568792,0.019752343966439042
153.3203,0.002722592,0.001080916,0.01808825,0.002632058675034025,0.0009195355197608158,0.017041684970575538
153.8086,0.003583573,0.001081774,0.01642281,0.0031631245504313518,0.0010847889064070446,0.017310486031908365
154.2969,0.004979635,0.0007192488,0.02156625,0.004295196915046362,0.0009033702760096639,0.019054832408311365
154.7851,0.004134427,0.0005281111,0.02005229,0.0045714495821892725,0.0006256532919893076,0.02087511115179242
155.2734,0.006621441,0.0005420478,0.03907915,0.005394899749107634,0.000536767463222429,0.0296589908708784
155.7617,0.004493368,0.0009016776,0.01805559,0.0055748812900834905,0.0007241327962071416,0.02865720796819674
156.25,0.002113624,0.0005472092,0.01975737,0.003313852185742709,0.0007267144699242497,0.018965750245406927
156.7383,0.001597062,0.0005501829,0.03260795,0.0018611411695161604,0.0005504107909997761,0.026264483954419198
157.2265,0.002229902,0.001232423,0.02823205,0.0019194420104913731,0.0008940791323382669,0.030514750574684037
157.7148,0.001632101,0.0009982542,0.01737131,0.0019369986317332004,0.001118802518858335,0.022872495418164246
158.2031,0.001274229,0.0005442886,0.02833116,0.0014576641368565285,0.0007736593295070597,0.022921984593890367
158.6914,0.002092137,0.0008681061,0.01845392,0.001688378209568586,0.0007083770554925282,0.02346474198138974
159.1797,0.001423868,0.001600072,0.01639898,0.0017634119463893444,0.0012378863930388479,0.017480071907267816
159.668,0.00193044,0.001733546,0.01978332,0.0016822988413221036,0.001671922106977209,0.018146646451777458
160.1562,0.001462734,0.001787724,0.01761241,0.0017017744750945714,0.0017660183079076584,0.018755035489346646
160.6445,0.001062685,0.001932634,0.01330441,0.0012665593731166823,0.0018658504969866914,0.015505541123259666
161.1328,0.0009817752,0.002135227,0.01570566,0.0010253373022872242,0.002040112898172051,0.014549124953845291
161.6211,0.001575943,0.002017572,0.01682768,0.001282734579719399,0.002082691861802501,0.0163159648360669
162.1094,0.001600535,0.001067603,0.01374665,0.0015930374892053078,0.0015472480639749386,0.015333351560229448
162.5976,0.001671644,0.0005069598,0.01136697,0.0016410166596458936,0.0007896523345632025,0.012594625417502009
163.0859,0.001704281,0.0004297472,0.02142488,0.0016930316528580376,0.00046976002146187893,0.016445163919747277
163.5742,0.001754236,0.0005133743,0.009848732,0.0017344361206621784,0.00047297266307295727,0.015683624592961132
164.0625,0.001961544,0.001464563,0.01155392,0.0018634361538983533,0.0009919209089246654,0.010733271487037687
164.5508,0.001545527,0.001880965,0.01541248,0.0017587545560588192,0.0016777426554587431,0.013523330112365716
165.039,0.001796378,0.00185023,0.008768799,0.0016759099903950632,0.001871132475822056,0.012126510794481096
165.5273,0.001795139,0.001931043,0.01428601,0.001801071600997643,0.001896230316025,0.011561510569579617
166.0156,0.002303837,0.001582503,0.01438097,0.0020555339210680053,0.0017619554216059831,0.014375773316208266
166.5039,0.002942291,0.0008781598,0.01369365,0.002630779191531398,0.0012339501612647244,0.014078597797490114
166.9922,0.003465943,0.001235547,0.01166618,0.003213513598704896,0.001059952795961416,0.012717100930746968
167.4805,0.00495858,0.00173534,0.01235176,0.004224578526127268,0.0014897870685082898,0.012044085293115488
167.9687,0.005559581,0.002391363,0.009707909,0.005274410542005488,0.002069366099922379,0.011061986094979118
168.457,0.005635242,0.003262743,0.01005829,0.005613683674729279,0.002835271495350026,0.009911830552189187
168.9453,0.004635871,0.002637265,0.006550787,0.005150442745385767,0.0029585550661664402,0.00832861055488374
169.4336,0.005486238,0.001660599,0.008529777,0.00507568238791609,0.002155143025080899,0.0075620755609963715
169.9219,0.007098851,0.001174363,0.006205232,0.006310679329687559,0.001421566116365939,0.007388737315966549
170.4101,0.004204205,0.0008038773,0.01157793,0.005667765318259741,0.0009919619759049011,0.008917127264749865
170.8984,0.005267375,0.0007610733,0.01534693,0.004749360124405772,0.0007847174364050019,0.01350100579198064
171.3867,0.005370904,0.001655688,0.01093497,0.005334337628349065,0.0012118332994770868,0.013178497021417402
171.875,0.00395401,0.002906868,0.008389373,0.004675740864810397,0.0022877776178081496,0.009689700114200811
172.3633,0.00310685,0.002711859,0.01715788,0.0035404600158196364,0.002817344952782837,0.012809916605134255
172.8515,0.003703008,0.001254547,0.009488178,0.0034145730851260097,0.0019888202033408503,0.013360765007362354
173.3398,0.004131118,0.001439693,0.006800496,0.003928128578620377,0.0013509255712331105,0.008167344493467515
173.8281,0.002426287,0.0005528159,0.01068624,0.0032879386386753073,0.0009990609090355764,0.008767998157611813
174.3164,0.003477006,0.0008869998,0.007679529,0.0029599379614262595,0.0007219301410056255,0.009208680113605337
174.8047,0.003916035,0.0009624836,0.00854079,0.0037068752971398562,0.0009273321124460465,0.00813287790678129
175.293,0.004193875,0.00141928,0.01444747,0.004066282124079044,0.001194208412974022,0.011526237738973839
175.7812,0.004807186,0.001648537,0.01588095,0.004513064708383107,0.001538180513883612,0.01520644310298757
176.2695,0.004221423,0.001056269,0.0126966,0.004526844719815031,0.0013561598203249267,0.014328467577093
176.7578,0.002595231,0.001236882,0.007825397,0.003417768713252151,0.0011497517319439838,0.010289423415073511
177.2461,0.002663753,0.0012134,0.007901647,0.0026367560694984886,0.0012285254976023689,0.00788524527214188
177.7344,0.002569943,0.000548257,0.01240781,0.002624057224227782,0.0008832551178863736,0.010182704031910432
178.2226,0.002284919,0.001046642,0.01298193,0.002434098655862905,0.0007996399304732229,0.012729740208209554
178.7109,0.001755297,0.004050977,0.008972854,0.0020256427567390445,0.0025557928100788,0.011007468210949677
179.1992,0.001416609,0.004861306,0.01118912,0.0015902863722223994,0.004468317220084505,0.010108531743785072
179.6875,0.002973775,0.002145215,0.01056997,0.0022011736799048215,0.0035128065364898394,0.010909190678236846
180.1758,0.003741147,0.001098173,0.01032872,0.0033665848856698436,0.0016261009463941565,0.010477741049605565
180.664,0.002611225,0.001469261,0.01031224,0.0031847921169435626,0.0012871953286068382,0.010348444123572643
181.1523,0.002845622,0.002411233,0.008099615,0.0027357979032848275,0.001945491113991166,0.009230809349168898
181.6406,0.003158607,0.002783698,0.01149306,0.003010206765515536,0.0026044670252560968,0.009822743742709862
182.1289,0.002603966,0.002748792,0.01351567,0.0028890321923064,0.002773681429044497,0.012537980179808367
182.6172,0.002447209,0.003671691,0.008558473,0.0025323587723035715,0.003218848376363114,0.011066662641293063
183.1055,0.002230597,0.005642004,0.005037393,0.0023451569910528693,0.0046692994411876325,0.0068161099881692425
183.5937,0.002383688,0.004390117,0.005746705,0.002313293855194137,0.005029434433257604,0.0054064254022478855
184.082,0.001264433,0.001126401,0.006338167,0.0018289119123423077,0.0027655950789052123,0.006058506929987248
184.5703,0.001559367,0.0008166654,0.01051562,0.0014156452372855576,0.000974110310535305,0.008449246864783357
185.0586,0.001781289,0.000858226,0.009021837,0.0016747470271262495,0.0008396612500387116,0.00979457269121901
185.5469,0.002834894,0.002673816,0.009155663,0.002314181684835776,0.001770680864790396,0.009112731790767896
186.0351,0.003044662,0.005088294,0.009293513,0.0029475129695392377,0.0038912666017621423,0.009248859188910188
186.5234,0.003181084,0.006547986,0.009380016,0.0031210435865500655,0.005833411299674095,0.009361271392007747
187.0117,0.002428079,0.006211428,0.01372275,0.002811923619790064,0.00639640844833356,0.011581623389778976
187.5,0.002543982,0.004724081,0.01150173,0.002492521691156222,0.005482031171044378,0.012645171398367055
187.9883,0.003291433,0.002278192,0.009126795,0.0029253059883853337,0.0035102543930824004,0.010341123590020002
188.4765,0.00491741,0.001395226,0.01048087,0.004115080560038843,0.001841478878411582,0.009829292760167786
188.9648,0.006161307,0.00169882,0.009804925,0.005553709725513791,0.0015510309868360247,0.010169175454276794
189.4531,0.003703638,0.003655334,0.008989133,0.0049452183993513605,0.002683994778861989,0.009421311666722587
189.9414,0.003796713,0.00458704,0.008748414,0.0037598412732000688,0.004131809025251104,0.008891632044410461
190.4297,0.003003721,0.003766151,0.008026342,0.0034089582536766605,0.004187332662001807,0.008408940211700031
190.918,0.002271072,0.004802883,0.025169,0.002644159314366404,0.00429550336216462,0.01664023076220779
191.4062,0.00205047,0.005046943,0.01932471,0.002166296348066709,0.004937506587438586,0.022303742850338888
191.8945,0.002470795,0.006005541,0.005717992,0.0022663996425990904,0.005540340101151373,0.012553294456864511
192.3828,0.002137308,0.004671068,0.007855586,0.002309914452546582,0.005351888495827656,0.006804058849155135
192.8711,0.002831252,0.00212555,0.00714726,0.0024905855217202373,0.0034069344815123802,0.007520462877010315
193.3594,0.004092395,0.002800658,0.006306516,0.003470587946384398,0.00246933994557816,0.006743918749606343
193.8476,0.003271379,0.002873096,0.00924232,0.003691183146106163,0.002844039637820556,0.007794047099322816
194.3359,0.001429741,0.001016184,0.007824895,0.0023564810351224363,0.001949538527049084,0.008555103564652078
194.8242,0.00134596,0.0007787052,0.007467871,0.001391337696133859,0.0008996995729523984,0.007665595759036801
195.3125,0.001468816,0.001083866,0.006474849,0.0014109154240079004,0.0009336197389749323,0.006988832752809969
195.8008,0.001242775,0.003548812,0.005269251,0.0013591851189063682,0.002322130069868544,0.0058867306887168
196.289,0.001639375,0.00608125,0.005956573,0.0014446681049055977,0.00482703655939608,0.005626906956294355
196.7773,0.001961228,0.003418386,0.008369979,0.0018047800353353984,0.0047616339251379345,0.0071810957844545545
197.2656,0.001195365,0.0006850863,0.008730157,0.001582213019745672,0.0020568275033321427,0.008571284869041297
197.7539,0.001652225,0.0007447022,0.006402988,0.001427319380827169,0.0007166638583973841,0.007585302361424141
198.2422,0.001418539,0.0006872785,0.0119263,0.0015391732123634478,0.0007177582953497757,0.009187273620276515
198.7305,0.001618744,0.001495283,0.01052005,0.0015223821397046138,0.0010939687366659319,0.011250819347936515
199.2187,0.001103813,0.001863446,0.004871232,0.0013646226075411173,0.0016834900154538434,0.007714546059546471
199.707,0.0009035015,0.002754824,0.007478948,0.0010061172893194763,0.0023147948633587107,0.006190225609493485
,,,,18.243645156793765,2.880394175566736,7.527463737276811
,,,,4.271258029760525,1.6971724059643252,2.743622375123226
